https://www.goodreads.com/book/show/52578297-the-midnight-library?from_choice=true,best-fiction-books-2020
https://www.goodreads.com/book/show/49127718-anxious-people?from_choice=true,best-fiction-books-2020
https://www.goodreads.com/book/show/50634450-american-dirt?from_choice=true,best-fiction-books-2020
https://www.goodreads.com/book/show/43923951-such-a-fun-age?from_choice=true,best-fiction-books-2020
https://www.goodreads.com/book/show/44890081-my-dark-vanessa?from_choice=true,best-fiction-books-2020
https://www.goodreads.com/book/show/45754981-the-glass-hotel?from_choice=true,best-fiction-books-2020
https://www.goodreads.com/book/show/48570454-transcendent-kingdom?from_choice=true,best-fiction-books-2020
https://www.goodreads.com/book/show/50214741-the-girl-with-the-louding-voice?from_choice=true,best-fiction-books-2020
https://www.goodreads.com/book/show/45294613-dear-edward?from_choice=true,best-fiction-books-2020
https://www.goodreads.com/book/show/52755548-big-summer?from_choice=true,best-fiction-books-2020
https://www.goodreads.com/book/show/52715989-writers-lovers?from_choice=true,best-fiction-books-2020
https://www.goodreads.com/book/show/52696537-if-i-had-your-face?from_choice=true,best-fiction-books-2020
https://www.goodreads.com/book/show/51792100-a-burning?from_choice=true,best-fiction-books-2020
https://www.goodreads.com/book/show/51541496-luster?from_choice=true,best-fiction-books-2020
https://www.goodreads.com/book/show/44281326-in-an-instant?from_choice=true,best-fiction-books-2020
https://www.goodreads.com/book/show/45046893-oona-out-of-order?from_choice=true,best-fiction-books-2020
https://www.goodreads.com/book/show/48595550-the-death-of-vivek-oji?from_choice=true,best-fiction-books-2020
https://www.goodreads.com/book/show/50358133-homeland-elegies?from_choice=true,best-fiction-books-2020
https://www.goodreads.com/book/show/46263943-real-life?from_choice=true,best-fiction-books-2020
https://www.goodreads.com/book/show/42121525-migrations?from_choice=true,best-fiction-books-2020
https://www.goodreads.com/book/show/54911607-the-guest-list?from_choice=true,best-mystery-thriller-books-2020
https://www.goodreads.com/book/show/50833559-home-before-dark?from_choice=true,best-mystery-thriller-books-2020
https://www.goodreads.com/book/show/45885644-the-sun-down-motel?from_choice=true,best-mystery-thriller-books-2020
https://www.goodreads.com/book/show/49398072-when-no-one-is-watching?from_choice=true,best-mystery-thriller-books-2020
https://www.goodreads.com/book/show/44510385-the-wives?from_choice=true,best-mystery-thriller-books-2020
https://www.goodreads.com/book/show/52661162-the-searcher?from_choice=true,best-mystery-thriller-books-2020
https://www.goodreads.com/book/show/51204046-the-boy-from-the-woods?from_choice=true,best-mystery-thriller-books-2020
https://www.goodreads.com/book/show/50892433-one-by-one?from_choice=true,best-mystery-thriller-books-2020
https://www.goodreads.com/book/show/51854625-the-devil-and-the-dark-water?from_choice=true,best-mystery-thriller-books-2020
https://www.goodreads.com/book/show/43834909-long-bright-river?from_choice=true,best-mystery-thriller-books-2020
https://www.goodreads.com/book/show/49127539-all-the-devils-are-here?from_choice=true,best-mystery-thriller-books-2020
https://www.goodreads.com/book/show/45046742-you-are-not-alone?from_choice=true,best-mystery-thriller-books-2020
https://www.goodreads.com/book/show/51807232-troubled-blood?from_choice=true,best-mystery-thriller-books-2020
https://www.goodreads.com/book/show/44303982-unspeakable-things?from_choice=true,best-mystery-thriller-books-2020
https://www.goodreads.com/book/show/48678117-winter-counts?from_choice=true,best-mystery-thriller-books-2020
https://www.goodreads.com/book/show/51182571-blacktop-wasteland?from_choice=true,best-mystery-thriller-books-2020
https://www.goodreads.com/book/show/51169341-the-night-swim?from_choice=true,best-mystery-thriller-books-2020
https://www.goodreads.com/book/show/49247317-and-now-she-s-gone?from_choice=true,best-mystery-thriller-books-2020
https://www.goodreads.com/book/show/49374505-confessions-on-the-7?from_choice=true,best-mystery-thriller-books-2020
https://www.goodreads.com/book/show/54442955-first-girl-gone?from_choice=true,best-mystery-thriller-books-2020
https://www.goodreads.com/book/show/51791252-the-vanishing-half?from_choice=true,best-historical-fiction-books-2020
https://www.goodreads.com/book/show/43557477-the-jane-austen-society?from_choice=true,best-historical-fiction-books-2020
https://www.goodreads.com/book/show/52698452-the-book-of-longings?from_choice=true,best-historical-fiction-books-2020
https://www.goodreads.com/book/show/52762903-the-book-of-lost-names?from_choice=true,best-historical-fiction-books-2020
https://www.goodreads.com/book/show/50607466-the-henna-artist?from_choice=true,best-historical-fiction-books-2020
https://www.goodreads.com/book/show/49239093-the-evening-and-the-morning?from_choice=true,best-historical-fiction-books-2020
https://www.goodreads.com/book/show/45897568-a-long-petal-of-the-sea?from_choice=true,best-historical-fiction-books-2020
https://www.goodreads.com/book/show/50892349-magic-lessons?from_choice=true,best-historical-fiction-books-2020
https://www.goodreads.com/book/show/53025903-the-book-of-lost-friends?from_choice=true,best-historical-fiction-books-2020
https://www.goodreads.com/book/show/52722079-the-pull-of-the-stars?from_choice=true,best-historical-fiction-books-2020
https://www.goodreads.com/book/show/48677123-hamnet?from_choice=true,best-historical-fiction-books-2020
https://www.goodreads.com/book/show/45992717-the-mirror-the-light?from_choice=true,best-historical-fiction-books-2020
https://www.goodreads.com/book/show/50001299-where-the-lost-wander?from_choice=true,best-historical-fiction-books-2020
https://www.goodreads.com/book/show/51045613-deacon-king-kong?from_choice=true,best-historical-fiction-books-2020
https://www.goodreads.com/book/show/46206688-the-night-watchman?from_choice=true,best-historical-fiction-books-2020
https://www.goodreads.com/book/show/50089336-code-name-h-l-ne?from_choice=true,best-historical-fiction-books-2020
https://www.goodreads.com/book/show/52597312-utopia-avenue?from_choice=true,best-historical-fiction-books-2020
https://www.goodreads.com/book/show/48564330-betty?from_choice=true,best-historical-fiction-books-2020
https://www.goodreads.com/book/show/51253514-the-paper-daughters-of-chinatown?from_choice=true,best-historical-fiction-books-2020
https://www.goodreads.com/book/show/52741293-shuggie-bain?from_choice=true,best-historical-fiction-books-2020
https://www.goodreads.com/book/show/44778083-house-of-earth-and-blood?from_choice=true,best-fantasy-books-2020
https://www.goodreads.com/book/show/50623864-the-invisible-life-of-addie-larue?from_choice=true,best-fantasy-books-2020
https://www.goodreads.com/book/show/45046567-the-house-in-the-cerulean-sea?from_choice=true,best-fantasy-books-2020
https://www.goodreads.com/book/show/49021976-rhythm-of-war?from_choice=true,best-fantasy-books-2020
https://www.goodreads.com/book/show/43521693-the-city-we-became?from_choice=true,best-fantasy-books-2020
https://www.goodreads.com/book/show/51987993-the-once-and-future-witches?from_choice=true,best-fantasy-books-2020
https://www.goodreads.com/book/show/50202953-piranesi?from_choice=true,best-fantasy-books-2020
https://www.goodreads.com/book/show/50548197-a-deadly-education?from_choice=true,best-fantasy-books-2020
https://www.goodreads.com/book/show/52166786-the-empire-of-gold?from_choice=true,best-fantasy-books-2020
https://www.goodreads.com/book/show/49381341-peace-talks?from_choice=true,best-fantasy-books-2020
https://www.goodreads.com/book/show/51475322-the-burning-god?from_choice=true,best-fantasy-books-2020
https://www.goodreads.com/book/show/50892360-black-sun?from_choice=true,best-fantasy-books-2020
https://www.goodreads.com/book/show/44571368-smoke-bitten?from_choice=true,best-fantasy-books-2020
https://www.goodreads.com/book/show/51277288-the-girl-and-the-stars?from_choice=true,best-fantasy-books-2020
https://www.goodreads.com/book/show/49882356-the-empress-of-salt-and-fortune?from_choice=true,best-fantasy-books-2020
https://www.goodreads.com/book/show/23106013-battle-ground?from_choice=true,best-fantasy-books-2020
https://www.goodreads.com/book/show/55551726-wintersteel?from_choice=true,best-fantasy-books-2020
https://www.goodreads.com/book/show/50706646-the-bone-shard-daughter?from_choice=true,best-fantasy-books-2020
https://www.goodreads.com/book/show/50358101-the-trouble-with-peace?from_choice=true,best-fantasy-books-2020
https://www.goodreads.com/book/show/52359590-age-of-empyre?from_choice=true,best-fantasy-books-2020
https://www.goodreads.com/book/show/52861201-from-blood-and-ash?from_choice=true,best-romance-books-2020
https://www.goodreads.com/book/show/52867387-beach-read?from_choice=true,best-romance-books-2020
https://www.goodreads.com/book/show/50093704-in-five-years?from_choice=true,best-romance-books-2020
https://www.goodreads.com/book/show/44582454-regretting-you?from_choice=true,best-romance-books-2020
https://www.goodreads.com/book/show/50225678-boyfriend-material?from_choice=true,best-romance-books-2020
https://www.goodreads.com/book/show/52090948-take-a-hint-dani-brown?from_choice=true,best-romance-books-2020
https://www.goodreads.com/book/show/53103895-one-to-watch?from_choice=true,best-romance-books-2020
https://www.goodreads.com/book/show/52539131-the-happy-ever-after-playlist?from_choice=true,best-romance-books-2020
https://www.goodreads.com/book/show/48842183-the-switch?from_choice=true,best-romance-books-2020
https://www.goodreads.com/book/show/52585101-you-had-me-at-hola?from_choice=true,best-romance-books-2020
https://www.goodreads.com/book/show/46225061-the-two-lives-of-lydia-bird?from_choice=true,best-romance-books-2020
https://www.goodreads.com/book/show/49099926-party-of-two?from_choice=true,best-romance-books-2020
https://www.goodreads.com/book/show/49202118-a-rogue-of-one-s-own?from_choice=true,best-romance-books-2020
https://www.goodreads.com/book/show/50892287-in-a-holidaze?from_choice=true,best-romance-books-2020
https://www.goodreads.com/book/show/50496840-emerald-blaze?from_choice=true,best-romance-books-2020
https://www.goodreads.com/book/show/52915426-something-to-talk-about?from_choice=true,best-romance-books-2020
https://www.goodreads.com/book/show/52226559-sweet-temptation?from_choice=true,best-romance-books-2020
https://www.goodreads.com/book/show/54467737-hands-down?from_choice=true,best-romance-books-2020
https://www.goodreads.com/book/show/49758584-you-deserve-each-other?from_choice=true,best-romance-books-2020
https://www.goodreads.com/book/show/50496918-spoiler-alert?from_choice=true,best-romance-books-2020
https://www.goodreads.com/book/show/48829708-to-sleep-in-a-sea-of-stars?from_choice=true,best-science-fiction-books-2020
https://www.goodreads.com/book/show/39325105-harrow-the-ninth?from_choice=true,best-science-fiction-books-2020
https://www.goodreads.com/book/show/52381770-network-effect?from_choice=true,best-science-fiction-books-2020
https://www.goodreads.com/book/show/48848254-the-space-between-worlds?from_choice=true,best-science-fiction-books-2020
https://www.goodreads.com/book/show/49003616-a-beautifully-foolish-endeavor?from_choice=true,best-science-fiction-books-2020
https://www.goodreads.com/book/show/51171377-axiom-s-end?from_choice=true,best-science-fiction-books-2020
https://www.goodreads.com/book/show/52163147-the-hidden-girl-and-other-stories?from_choice=true,best-science-fiction-books-2020
https://www.goodreads.com/book/show/44804077-riot-baby?from_choice=true,best-science-fiction-books-2020
https://www.goodreads.com/book/show/48836769-the-new-wilderness?from_choice=true,best-science-fiction-books-2020
https://www.goodreads.com/book/show/52669505-the-end-of-october?from_choice=true,best-science-fiction-books-2020
https://www.goodreads.com/book/show/45046555-the-last-emperox?from_choice=true,best-science-fiction-books-2020
https://www.goodreads.com/book/show/35019996-agency?from_choice=true,best-science-fiction-books-2020
https://www.goodreads.com/book/show/45422268-the-vanished-birds?from_choice=true,best-science-fiction-books-2020
https://www.goodreads.com/book/show/51285749-the-book-of-koli?from_choice=true,best-science-fiction-books-2020
https://www.goodreads.com/book/show/49867430-hench?from_choice=true,best-science-fiction-books-2020
https://www.goodreads.com/book/show/50121213-the-mother-code?from_choice=true,best-science-fiction-books-2020
https://www.goodreads.com/book/show/49127471-zoey-punches-the-future-in-the-dick?from_choice=true,best-science-fiction-books-2020
https://www.goodreads.com/book/show/54554819-age-of-deception?from_choice=true,best-science-fiction-books-2020
https://www.goodreads.com/book/show/52378525-the-first-sister?from_choice=true,best-science-fiction-books-2020
https://www.goodreads.com/book/show/52378682-the-relentless-moon?from_choice=true,best-science-fiction-books-2020
https://www.goodreads.com/book/show/53152636-mexican-gothic?from_choice=true,best-horror-books-2020
https://www.goodreads.com/book/show/48838041-if-it-bleeds?from_choice=true,best-horror-books-2020
https://www.goodreads.com/book/show/44077284-the-southern-book-club-s-guide-to-slaying-vampires?from_choice=true,best-horror-books-2020
https://www.goodreads.com/book/show/49789629-the-year-of-the-witching?from_choice=true,best-horror-books-2020
https://www.goodreads.com/book/show/52180399-the-only-good-indians?from_choice=true,best-horror-books-2020
https://www.goodreads.com/book/show/52454426-devolution?from_choice=true,best-horror-books-2020
https://www.goodreads.com/book/show/50892288-the-hollow-places?from_choice=true,best-horror-books-2020
https://www.goodreads.com/book/show/50496875-plain-bad-heroines?from_choice=true,best-horror-books-2020
https://www.goodreads.com/book/show/44564972-malorie?from_choice=true,best-horror-books-2020
https://www.goodreads.com/book/show/49090884-tender-is-the-flesh?from_choice=true,best-horror-books-2020
https://www.goodreads.com/book/show/52594581-the-hollow-ones?from_choice=true,best-horror-books-2020
https://www.goodreads.com/book/show/52703177-the-bright-lands?from_choice=true,best-horror-books-2020
https://www.goodreads.com/book/show/51166519-lakewood?from_choice=true,best-horror-books-2020
https://www.goodreads.com/book/show/52581895-survivor-song?from_choice=true,best-horror-books-2020
https://www.goodreads.com/book/show/49247242-ring-shout?from_choice=true,best-horror-books-2020
https://www.goodreads.com/book/show/49295297-the-loop?from_choice=true,best-horror-books-2020
https://www.goodreads.com/book/show/50607901-the-ghost-tree?from_choice=true,best-horror-books-2020
https://www.goodreads.com/book/show/53869658-secret-santa?from_choice=true,best-horror-books-2020
https://www.goodreads.com/book/show/52622380-world-departed?from_choice=true,best-horror-books-2020
https://www.goodreads.com/book/show/55456522-houndings-of-hell?from_choice=true,best-horror-books-2020
https://www.goodreads.com/book/show/44890112-strange-planet?from_choice=true,best-humor-books-2020
https://www.goodreads.com/book/show/49960031-wow-no-thank-you?from_choice=true,best-humor-books-2020
https://www.goodreads.com/book/show/51323365-solutions-and-other-problems?from_choice=true,best-humor-books-2020
https://www.goodreads.com/book/show/48989372-a-very-punchable-face?from_choice=true,best-humor-books-2020
https://www.goodreads.com/book/show/51700301-the-office?from_choice=true,best-humor-books-2020
https://www.goodreads.com/book/show/52180973-trixie-and-katya-s-guide-to-modern-womanhood?from_choice=true,best-humor-books-2020
https://www.goodreads.com/book/show/43822700-f-ck-your-diet?from_choice=true,best-humor-books-2020
https://www.goodreads.com/book/show/50722115-is-this-anything?from_choice=true,best-humor-books-2020
https://www.goodreads.com/book/show/52894214-the-new-one?from_choice=true,best-humor-books-2020
https://www.goodreads.com/book/show/50130587-becoming-duchess-goldblatt?from_choice=true,best-humor-books-2020
https://www.goodreads.com/book/show/52216445-shakespeare-for-squirrels?from_choice=true,best-humor-books-2020
https://www.goodreads.com/book/show/48590973-veryfat-verybrave?from_choice=true,best-humor-books-2020
https://www.goodreads.com/book/show/51952357-overstated?from_choice=true,best-humor-books-2020
https://www.goodreads.com/book/show/50998099-shit-actually?from_choice=true,best-humor-books-2020
https://www.goodreads.com/book/show/50699224-squeeze-me?from_choice=true,best-humor-books-2020
https://www.goodreads.com/book/show/51179533-you-re-doing-great?from_choice=true,best-humor-books-2020
https://www.goodreads.com/book/show/48995022-god-level-knowledge-darts?from_choice=true,best-humor-books-2020
https://www.goodreads.com/book/show/52090855-this-is-major?from_choice=true,best-humor-books-2020
https://www.goodreads.com/book/show/51736714-born-to-be-public?from_choice=true,best-humor-books-2020
https://www.goodreads.com/book/show/51100577-make-russia-great-again?from_choice=true,best-humor-books-2020
https://www.goodreads.com/book/show/52220686-stamped?from_choice=true,best-nonfiction-books-2020
https://www.goodreads.com/book/show/49614207-hood-feminism?from_choice=true,best-nonfiction-books-2020
https://www.goodreads.com/book/show/55851555-clanlands?from_choice=true,best-nonfiction-books-2020
https://www.goodreads.com/book/show/53317913-rage?from_choice=true,best-nonfiction-books-2020
https://www.goodreads.com/book/show/46002342-me-and-white-supremacy?from_choice=true,best-nonfiction-books-2020
https://www.goodreads.com/book/show/50088631-hidden-valley-road?from_choice=true,best-nonfiction-books-2020
https://www.goodreads.com/book/show/52686687-don-t-overthink-it?from_choice=true,best-nonfiction-books-2020
https://www.goodreads.com/book/show/52780142-get-out-of-your-head?from_choice=true,best-nonfiction-books-2020
https://www.goodreads.com/book/show/46064076-buy-yourself-the-f-cking-lilies?from_choice=true,best-nonfiction-books-2020
https://www.goodreads.com/book/show/51285456-why-we-can-t-sleep?from_choice=true,best-nonfiction-books-2020
https://www.goodreads.com/book/show/45892276-you-re-not-listening?from_choice=true,best-nonfiction-books-2020
https://www.goodreads.com/book/show/52766000-big-friendship?from_choice=true,best-nonfiction-books-2020
https://www.goodreads.com/book/show/45915136-here-for-it-or-how-to-save-your-soul-in-america?from_choice=true,best-nonfiction-books-2020
https://www.goodreads.com/book/show/51794301-beyond-the-gender-binary?from_choice=true,best-nonfiction-books-2020
https://www.goodreads.com/book/show/52845775-minor-feelings?from_choice=true,best-nonfiction-books-2020
https://www.goodreads.com/book/show/52041387-we-keep-the-dead-close?from_choice=true,best-nonfiction-books-2020
https://www.goodreads.com/book/show/50945960-blackout?from_choice=true,best-nonfiction-books-2020
https://www.goodreads.com/book/show/45553638-tightrope?from_choice=true,best-nonfiction-books-2020
https://www.goodreads.com/book/show/54358975-trust?from_choice=true,best-nonfiction-books-2020
https://www.goodreads.com/book/show/53008508-reading-while-black?from_choice=true,best-nonfiction-books-2020
https://www.goodreads.com/book/show/55359022-a-promised-land?from_choice=true,best-memoir-autobiography-books-2020
https://www.goodreads.com/book/show/52129515-untamed?from_choice=true,best-memoir-autobiography-books-2020
https://www.goodreads.com/book/show/44280883-all-boys-aren-t-blue?from_choice=true,best-memoir-autobiography-books-2020
https://www.goodreads.com/book/show/54899915-the-answer-is?from_choice=true,best-memoir-autobiography-books-2020
https://www.goodreads.com/book/show/54081499-too-much-and-never-enough?from_choice=true,best-memoir-autobiography-books-2020
https://www.goodreads.com/book/show/41571753-open-book?from_choice=true,best-memoir-autobiography-books-2020
https://www.goodreads.com/book/show/53265647-the-meaning-of-mariah-carey?from_choice=true,best-memoir-autobiography-books-2020
https://www.goodreads.com/book/show/51822870-everything-beautiful-in-its-time?from_choice=true,best-memoir-autobiography-books-2020
https://www.goodreads.com/book/show/50043108-the-beauty-in-breaking?from_choice=true,best-memoir-autobiography-books-2020
https://www.goodreads.com/book/show/49235526-hollywood-park?from_choice=true,best-memoir-autobiography-books-2020
https://www.goodreads.com/book/show/52838315-greenlights?from_choice=true,best-memoir-autobiography-books-2020
https://www.goodreads.com/book/show/49933185-when-time-stopped?from_choice=true,best-memoir-autobiography-books-2020
https://www.goodreads.com/book/show/48717403-notes-on-a-silencing?from_choice=true,best-memoir-autobiography-books-2020
https://www.goodreads.com/book/show/51082172-the-rural-diaries?from_choice=true,best-memoir-autobiography-books-2020
https://www.goodreads.com/book/show/51231889-nobody-will-tell-you-this-but-me?from_choice=true,best-memoir-autobiography-books-2020
https://www.goodreads.com/book/show/45186565-uncanny-valley?from_choice=true,best-memoir-autobiography-books-2020
https://www.goodreads.com/book/show/53358818-i-have-something-to-tell-you?from_choice=true,best-memoir-autobiography-books-2020
https://www.goodreads.com/book/show/46041442-the-adventurer-s-son?from_choice=true,best-memoir-autobiography-books-2020
https://www.goodreads.com/book/show/52366322-conditional-citizens?from_choice=true,best-memoir-autobiography-books-2020
https://www.goodreads.com/book/show/48613168-memorial-drive?from_choice=true,best-memoir-autobiography-books-2020
https://www.goodreads.com/book/show/51152447-caste?from_choice=true,best-history-biography-books-2020
https://www.goodreads.com/book/show/51227088-the-splendid-and-the-vile?from_choice=true,best-history-biography-books-2020
https://www.goodreads.com/book/show/45153160-a-black-women-s-history-of-the-united-states?from_choice=true,best-history-biography-books-2020
https://www.goodreads.com/book/show/51285366-the-house-of-kennedy?from_choice=true,best-history-biography-books-2020
https://www.goodreads.com/book/show/44909230-999?from_choice=true,best-history-biography-books-2020
https://www.goodreads.com/book/show/51239966-you-never-forget-your-first?from_choice=true,best-history-biography-books-2020
https://www.goodreads.com/book/show/50092714-fight-of-the-century?from_choice=true,best-history-biography-books-2020
https://www.goodreads.com/book/show/45046690-the-address-book?from_choice=true,best-history-biography-books-2020
https://www.goodreads.com/book/show/53431510-his-truth-is-marching-on?from_choice=true,best-history-biography-books-2020
https://www.goodreads.com/book/show/52863345-the-lincoln-conspiracy?from_choice=true,best-history-biography-books-2020
https://www.goodreads.com/book/show/52578861-agent-sonya?from_choice=true,best-history-biography-books-2020
https://www.goodreads.com/book/show/48590165-countdown-1945?from_choice=true,best-history-biography-books-2020
https://www.goodreads.com/book/show/48868613-dead-famous?from_choice=true,best-history-biography-books-2020
https://www.goodreads.com/book/show/43908981-overground-railroad?from_choice=true,best-history-biography-books-2020
https://www.goodreads.com/book/show/45754985-begin-again?from_choice=true,best-history-biography-books-2020
https://www.goodreads.com/book/show/51542229-the-deviant-s-war?from_choice=true,best-history-biography-books-2020
https://www.goodreads.com/book/show/51934207-wandering-in-strange-lands?from_choice=true,best-history-biography-books-2020
https://www.goodreads.com/book/show/48925415-killing-crazy-horse?from_choice=true,best-history-biography-books-2020
https://www.goodreads.com/book/show/52879286-humankind?from_choice=true,best-history-biography-books-2020
https://www.goodreads.com/book/show/52048467-how-the-south-won-the-civil-war?from_choice=true,best-history-biography-books-2020
https://www.goodreads.com/book/show/53916142-a-life-on-our-planet?from_choice=true,best-science-technology-books-2020
https://www.goodreads.com/book/show/50734400-how-to-argue-with-a-racist?from_choice=true,best-science-technology-books-2020
https://www.goodreads.com/book/show/48890486-breath?from_choice=true,best-science-technology-books-2020
https://www.goodreads.com/book/show/52668915-entangled-life?from_choice=true,best-science-technology-books-2020
https://www.goodreads.com/book/show/52767659-the-end-of-everything?from_choice=true,best-science-technology-books-2020
https://www.goodreads.com/book/show/50772888-no-filter?from_choice=true,best-science-technology-books-2020
https://www.goodreads.com/book/show/52117860-the-future-we-choose?from_choice=true,best-science-technology-books-2020
https://www.goodreads.com/book/show/50887097-why-fish-don-t-exist?from_choice=true,best-science-technology-books-2020
https://www.goodreads.com/book/show/52905471-why-we-swim?from_choice=true,best-science-technology-books-2020
https://www.goodreads.com/book/show/48637750-vesper-flights?from_choice=true,best-science-technology-books-2020
https://www.goodreads.com/book/show/43889825-that-wild-country?from_choice=true,best-science-technology-books-2020
https://www.goodreads.com/book/show/49960370-the-story-of-more?from_choice=true,best-science-technology-books-2020
https://www.goodreads.com/book/show/51938590-the-book-of-eels?from_choice=true,best-science-technology-books-2020
https://www.goodreads.com/book/show/51079278-the-next-great-migration?from_choice=true,best-science-technology-books-2020
https://www.goodreads.com/book/show/46114262-until-the-end-of-time?from_choice=true,best-science-technology-books-2020
https://www.goodreads.com/book/show/51802456-the-bird-way?from_choice=true,best-science-technology-books-2020
https://www.goodreads.com/book/show/50173134-apocalypse-never?from_choice=true,best-science-technology-books-2020
https://www.goodreads.com/book/show/51542211-owls-of-the-eastern-ice?from_choice=true,best-science-technology-books-2020
https://www.goodreads.com/book/show/51199750-some-assembly-required?from_choice=true,best-science-technology-books-2020
https://www.goodreads.com/book/show/49128526-t-minus-ai?from_choice=true,best-science-technology-books-2020
https://www.goodreads.com/book/show/51154724-modern-comfort-food?from_choice=true,best-food-cookbooks-2020
https://www.goodreads.com/book/show/50998947-gordon-ramsay-quick-and-delicious?from_choice=true,best-food-cookbooks-2020
https://www.goodreads.com/book/show/53064545-magnolia-table?from_choice=true,best-food-cookbooks-2020
https://www.goodreads.com/book/show/50998813-100-cookies?from_choice=true,best-food-cookbooks-2020
https://www.goodreads.com/book/show/51700803-eat-a-peach?from_choice=true,best-food-cookbooks-2020
https://www.goodreads.com/book/show/51620141-outlander-kitchen?from_choice=true,best-food-cookbooks-2020
https://www.goodreads.com/book/show/51601913-evolving-vegan?from_choice=true,best-food-cookbooks-2020
https://www.goodreads.com/book/show/50669534-ottolenghi-flavor?from_choice=true,best-food-cookbooks-2020
https://www.goodreads.com/book/show/44781454-frontier-follies?from_choice=true,best-food-cookbooks-2020
https://www.goodreads.com/book/show/45895070-vegetable-kingdom?from_choice=true,best-food-cookbooks-2020
https://www.goodreads.com/book/show/52843246-wine-girl?from_choice=true,best-food-cookbooks-2020
https://www.goodreads.com/book/show/43261128-the-defined-dish?from_choice=true,best-food-cookbooks-2020
https://www.goodreads.com/book/show/50165539-the-honeysuckle-cookbook?from_choice=true,best-food-cookbooks-2020
https://www.goodreads.com/book/show/50437277-true-comfort?from_choice=true,best-food-cookbooks-2020
https://www.goodreads.com/book/show/48983247-dirt?from_choice=true,best-food-cookbooks-2020
https://www.goodreads.com/book/show/49814631-skinnytaste-meal-prep?from_choice=true,best-food-cookbooks-2020
https://www.goodreads.com/book/show/52028349-dessert-person?from_choice=true,best-food-cookbooks-2020
https://www.goodreads.com/book/show/53370248-oh-she-glows-for-dinner?from_choice=true,best-food-cookbooks-2020
https://www.goodreads.com/book/show/51644251-nourish-me-home?from_choice=true,best-food-cookbooks-2020
https://www.goodreads.com/book/show/52520675-falastin?from_choice=true,best-food-cookbooks-2020
https://www.goodreads.com/book/show/44779280-heartstopper?from_choice=true,best-graphic-novels-comics-2020
https://www.goodreads.com/book/show/50898148-fangs?from_choice=true,best-graphic-novels-comics-2020
https://www.goodreads.com/book/show/50159129-i-will-judge-you-by-your-bookshelf?from_choice=true,best-graphic-novels-comics-2020
https://www.goodreads.com/book/show/52854406-fangirl-vol-1?from_choice=true,best-graphic-novels-comics-2020
https://www.goodreads.com/book/show/54110137-sapiens?from_choice=true,best-graphic-novels-comics-2020
https://www.goodreads.com/book/show/52713814-harleen?from_choice=true,best-graphic-novels-comics-2020
https://www.goodreads.com/book/show/44280825-check-please-book-2?from_choice=true,best-graphic-novels-comics-2020
https://www.goodreads.com/book/show/46127757-teen-titans?from_choice=true,best-graphic-novels-comics-2020
https://www.goodreads.com/book/show/50490087-basketful-of-heads?from_choice=true,best-graphic-novels-comics-2020
https://www.goodreads.com/book/show/50892014-the-times-i-knew-i-was-gay?from_choice=true,best-graphic-novels-comics-2020
https://www.goodreads.com/book/show/50010932-dancing-at-the-pity-party?from_choice=true,best-graphic-novels-comics-2020
https://www.goodreads.com/book/show/45449811-almost-american-girl?from_choice=true,best-graphic-novels-comics-2020
https://www.goodreads.com/book/show/45169737-the-fire-never-goes-out?from_choice=true,best-graphic-novels-comics-2020
https://www.goodreads.com/book/show/52024847-when-stars-are-scattered?from_choice=true,best-graphic-novels-comics-2020
https://www.goodreads.com/book/show/52637764-monstress-vol-5?from_choice=true,best-graphic-novels-comics-2020
https://www.goodreads.com/book/show/51601851-the-sacrifice-of-darkness?from_choice=true,best-graphic-novels-comics-2020
https://www.goodreads.com/book/show/51116307-the-low-low-woods?from_choice=true,best-graphic-novels-comics-2020
https://www.goodreads.com/book/show/52757853-fence-vol-4?from_choice=true,best-graphic-novels-comics-2020
https://www.goodreads.com/book/show/46223323-petals-to-the-metal?from_choice=true,best-graphic-novels-comics-2020
https://www.goodreads.com/book/show/50285848-the-magic-fish?from_choice=true,best-graphic-novels-comics-2020
https://www.goodreads.com/book/show/50706476-dearly?from_choice=true,best-poetry-books-2020
https://www.goodreads.com/book/show/54019416-violet-bent-backwards-over-the-grass?from_choice=true,best-poetry-books-2020
https://www.goodreads.com/book/show/52945057-break-your-glass-slippers?from_choice=true,best-poetry-books-2020
https://www.goodreads.com/book/show/52641647-swimming-lessons?from_choice=true,best-poetry-books-2020
https://www.goodreads.com/book/show/52854164-home-body?from_choice=true,best-poetry-books-2020
https://www.goodreads.com/book/show/51307102-on-the-horizon?from_choice=true,best-poetry-books-2020
https://www.goodreads.com/book/show/49814602-the-girl-and-the-goddess?from_choice=true,best-poetry-books-2020
https://www.goodreads.com/book/show/44094014-homie?from_choice=true,best-poetry-books-2020
https://www.goodreads.com/book/show/44441884-all-along-you-were-blooming?from_choice=true,best-poetry-books-2020
https://www.goodreads.com/book/show/50997643-what-kind-of-woman?from_choice=true,best-poetry-books-2020
https://www.goodreads.com/book/show/44094069-postcolonial-love-poem?from_choice=true,best-poetry-books-2020
https://www.goodreads.com/book/show/52584411-whale-day?from_choice=true,best-poetry-books-2020
https://www.goodreads.com/book/show/45730512-cast-away?from_choice=true,best-poetry-books-2020
https://www.goodreads.com/book/show/48984964-finna?from_choice=true,best-poetry-books-2020
https://www.goodreads.com/book/show/50898135-sorry-i-haven-t-texted-you-back?from_choice=true,best-poetry-books-2020
https://www.goodreads.com/book/show/53945491-poems-for-the-end-of-the-world?from_choice=true,best-poetry-books-2020
https://www.goodreads.com/book/show/45895148-romance-or-the-end?from_choice=true,best-poetry-books-2020
https://www.goodreads.com/book/show/49867447-how-to-fly-in-ten-thousand-easy-lessons?from_choice=true,best-poetry-books-2020
https://www.goodreads.com/book/show/53299031-without?from_choice=true,best-poetry-books-2020
https://www.goodreads.com/book/show/55596862-sweetdark?from_choice=true,best-poetry-books-2020
https://www.goodreads.com/book/show/43923951-such-a-fun-age?from_choice=true,best-debut-novel-2020
https://www.goodreads.com/book/show/52339313-cemetery-boys?from_choice=true,best-debut-novel-2020
https://www.goodreads.com/book/show/44890081-my-dark-vanessa?from_choice=true,best-debut-novel-2020
https://www.goodreads.com/book/show/43557477-the-jane-austen-society?from_choice=true,best-debut-novel-2020
https://www.goodreads.com/book/show/50214741-the-girl-with-the-louding-voice?from_choice=true,best-debut-novel-2020
https://www.goodreads.com/book/show/49789629-the-year-of-the-witching?from_choice=true,best-debut-novel-2020
https://www.goodreads.com/book/show/53103895-one-to-watch?from_choice=true,best-debut-novel-2020
https://www.goodreads.com/book/show/41014401-the-henna-artist?from_choice=true,best-debut-novel-2020
https://www.goodreads.com/book/show/50706646-the-bone-shard-daughter?from_choice=true,best-debut-novel-2020
https://www.goodreads.com/book/show/52377380-valentine?from_choice=true,best-debut-novel-2020
https://www.goodreads.com/book/show/51792100-a-burning?from_choice=true,best-debut-novel-2020
https://www.goodreads.com/book/show/51541496-luster?from_choice=true,best-debut-novel-2020
https://www.goodreads.com/book/show/46263943-real-life?from_choice=true,best-debut-novel-2020
https://www.goodreads.com/book/show/49758584-you-deserve-each-other?from_choice=true,best-debut-novel-2020
https://www.goodreads.com/book/show/48678117-winter-counts?from_choice=true,best-debut-novel-2020
https://www.goodreads.com/book/show/45895362-how-much-of-these-hills-is-gold?from_choice=true,best-debut-novel-2020
https://www.goodreads.com/book/show/51171377-axiom-s-end?from_choice=true,best-debut-novel-2020
https://www.goodreads.com/book/show/50158128-raybearer?from_choice=true,best-debut-novel-2020
https://www.goodreads.com/book/show/52741293-shuggie-bain?from_choice=true,best-debut-novel-2020
https://www.goodreads.com/book/show/52378525-the-first-sister?from_choice=true,best-debut-novel-2020
https://www.goodreads.com/book/show/52516332-clap-when-you-land?from_choice=true,best-young-adult-fiction-books-2020
https://www.goodreads.com/book/show/45874065-a-good-girl-s-guide-to-murder?from_choice=true,best-young-adult-fiction-books-2020
https://www.goodreads.com/book/show/44654627-one-of-us-is-next?from_choice=true,best-young-adult-fiction-books-2020
https://www.goodreads.com/book/show/51931067-felix-ever-after?from_choice=true,best-young-adult-fiction-books-2020
https://www.goodreads.com/book/show/55052604-you-should-see-me-in-a-crown?from_choice=true,best-young-adult-fiction-books-2020
https://www.goodreads.com/book/show/52439531-the-inheritance-games?from_choice=true,best-young-adult-fiction-books-2020
https://www.goodreads.com/book/show/45240918-the-hand-on-the-wall?from_choice=true,best-young-adult-fiction-books-2020
https://www.goodreads.com/book/show/51518972-majesty?from_choice=true,best-young-adult-fiction-books-2020
https://www.goodreads.com/book/show/45045129-tweet-cute?from_choice=true,best-young-adult-fiction-books-2020
https://www.goodreads.com/book/show/44281034-the-gravity-of-us?from_choice=true,best-young-adult-fiction-books-2020
https://www.goodreads.com/book/show/49397758-grown?from_choice=true,best-young-adult-fiction-books-2020
https://www.goodreads.com/book/show/45155609-yes-no-maybe-so?from_choice=true,best-young-adult-fiction-books-2020
https://www.goodreads.com/book/show/51175739-the-henna-wars?from_choice=true,best-young-adult-fiction-books-2020
https://www.goodreads.com/book/show/45046743-only-mostly-devastated?from_choice=true,best-young-adult-fiction-books-2020
https://www.goodreads.com/book/show/49151299-punching-the-air?from_choice=true,best-young-adult-fiction-books-2020
https://www.goodreads.com/book/show/52855024-this-is-my-america?from_choice=true,best-young-adult-fiction-books-2020
https://www.goodreads.com/book/show/52766407-today-tonight-tomorrow?from_choice=true,best-young-adult-fiction-books-2020
https://www.goodreads.com/book/show/49025767-darius-the-great-deserves-better?from_choice=true,best-young-adult-fiction-books-2020
https://www.goodreads.com/book/show/49150990-furia?from_choice=true,best-young-adult-fiction-books-2020
https://www.goodreads.com/book/show/48589203-beyond-the-break?from_choice=true,best-young-adult-fiction-books-2020
https://www.goodreads.com/book/show/44428899-the-queen-of-nothing?from_choice=true,best-young-adult-fantasy-books-2020
https://www.goodreads.com/book/show/50794839-the-ballad-of-songbirds-and-snakes?from_choice=true,best-young-adult-fantasy-books-2020
https://www.goodreads.com/book/show/17699853-chain-of-gold?from_choice=true,best-young-adult-fantasy-books-2020
https://www.goodreads.com/book/show/53287484-midnight-sun?from_choice=true,best-young-adult-fantasy-books-2020
https://www.goodreads.com/book/show/39122774-children-of-virtue-and-vengeance?from_choice=true,best-young-adult-fantasy-books-2020
https://www.goodreads.com/book/show/52339313-cemetery-boys?from_choice=true,best-young-adult-fantasy-books-2020
https://www.goodreads.com/book/show/43979540-starsight?from_choice=true,best-young-adult-fantasy-books-2020
https://www.goodreads.com/book/show/44012880-fable?from_choice=true,best-young-adult-fantasy-books-2020
https://www.goodreads.com/book/show/51079282-cinderella-is-dead?from_choice=true,best-young-adult-fantasy-books-2020
https://www.goodreads.com/book/show/50892338-legendborn?from_choice=true,best-young-adult-fantasy-books-2020
https://www.goodreads.com/book/show/51182650-girl-serpent-thorn?from_choice=true,best-young-adult-fantasy-books-2020
https://www.goodreads.com/book/show/49629448-a-song-of-wraiths-and-ruin?from_choice=true,best-young-adult-fantasy-books-2020
https://www.goodreads.com/book/show/45872054-the-kingdom-of-back?from_choice=true,best-young-adult-fantasy-books-2020
https://www.goodreads.com/book/show/50892212-these-violent-delights?from_choice=true,best-young-adult-fantasy-books-2020
https://www.goodreads.com/book/show/40516960-aurora-burning?from_choice=true,best-young-adult-fantasy-books-2020
https://www.goodreads.com/book/show/44280868-all-the-stars-and-teeth?from_choice=true,best-young-adult-fantasy-books-2020
https://www.goodreads.com/book/show/35702241-the-shadows-between-us?from_choice=true,best-young-adult-fantasy-books-2020
https://www.goodreads.com/book/show/52380340-the-extraordinaries?from_choice=true,best-young-adult-fantasy-books-2020
https://www.goodreads.com/book/show/11503920-return-of-the-thief?from_choice=true,best-young-adult-fantasy-books-2020
https://www.goodreads.com/book/show/50158128-raybearer?from_choice=true,best-young-adult-fantasy-books-2020
https://www.goodreads.com/book/show/48717744-the-tower-of-nero?from_choice=true,best-childrens-books-2020
https://www.goodreads.com/book/show/48613333-the-one-and-only-bob?from_choice=true,best-childrens-books-2020
https://www.goodreads.com/book/show/51988656-before-the-ever-after?from_choice=true,best-childrens-books-2020
https://www.goodreads.com/book/show/45343240-one-true-king?from_choice=true,best-childrens-books-2020
https://www.goodreads.com/book/show/46196106-hollowpox?from_choice=true,best-childrens-books-2020
https://www.goodreads.com/book/show/45169415-from-the-desk-of-zoe-washington?from_choice=true,best-childrens-books-2020
https://www.goodreads.com/book/show/52515165-we-dream-of-space?from_choice=true,best-childrens-books-2020
https://www.goodreads.com/book/show/44900082-the-list-of-things-that-will-not-change?from_choice=true,best-childrens-books-2020
https://www.goodreads.com/book/show/36601937-ghost-squad?from_choice=true,best-childrens-books-2020
https://www.goodreads.com/book/show/44286536-ali-cross?from_choice=true,best-childrens-books-2020
https://www.goodreads.com/book/show/51300436-aru-shah-and-the-tree-of-wishes?from_choice=true,best-childrens-books-2020
https://www.goodreads.com/book/show/44575111-king-and-the-dragonflies?from_choice=true,best-childrens-books-2020
https://www.goodreads.com/book/show/49917829-clean-getaway?from_choice=true,best-childrens-books-2020
https://www.goodreads.com/book/show/45485735-here-in-the-real-world?from_choice=true,best-childrens-books-2020
https://www.goodreads.com/book/show/50998132-a-tale-of-witchcraft?from_choice=true,best-childrens-books-2020
https://www.goodreads.com/book/show/36353103-race-to-the-sun?from_choice=true,best-childrens-books-2020
https://www.goodreads.com/book/show/51323393-unlocked?from_choice=true,best-childrens-books-2020
https://www.goodreads.com/book/show/55124276-lizzy-albright-and-the-attic-window?from_choice=true,best-childrens-books-2020
https://www.goodreads.com/book/show/48945757-fighting-words?from_choice=true,best-childrens-books-2020
https://www.goodreads.com/book/show/52507955-efr-n-divided?from_choice=true,best-childrens-books-2020
https://www.goodreads.com/book/show/52535437-antiracist-baby?from_choice=true,best-picture-books-2020
https://www.goodreads.com/book/show/43659628-just-like-me?from_choice=true,best-picture-books-2020
https://www.goodreads.com/book/show/45730161-the-cool-bean?from_choice=true,best-picture-books-2020
https://www.goodreads.com/book/show/49216540-the-serious-goose?from_choice=true,best-picture-books-2020
https://www.goodreads.com/book/show/43706730-this-book-is-gray?from_choice=true,best-picture-books-2020
https://www.goodreads.com/book/show/50438921-sweet-child-o-mine?from_choice=true,best-picture-books-2020
https://www.goodreads.com/book/show/49024173-i-am-every-good-thing?from_choice=true,best-picture-books-2020
https://www.goodreads.com/book/show/52024896-the-seed-of-compassion?from_choice=true,best-picture-books-2020
https://www.goodreads.com/book/show/50215810-the-oldest-student?from_choice=true,best-picture-books-2020
https://www.goodreads.com/book/show/51038307-bird-hugs?from_choice=true,best-picture-books-2020
https://www.goodreads.com/book/show/51472378-juli-n-at-the-wedding?from_choice=true,best-picture-books-2020
https://www.goodreads.com/book/show/51326665-bedtime-bonnet?from_choice=true,best-picture-books-2020
https://www.goodreads.com/book/show/55106555-coronavirus?from_choice=true,best-picture-books-2020
https://www.goodreads.com/book/show/52027711-grandma-s-gardens?from_choice=true,best-picture-books-2020
https://www.goodreads.com/book/show/53105938-the-world-needs-more-purple-people?from_choice=true,best-picture-books-2020
https://www.goodreads.com/book/show/52273975-think-outside-the-box?from_choice=true,best-picture-books-2020
https://www.goodreads.com/book/show/44581496-we-are-water-protectors?from_choice=true,best-picture-books-2020
https://www.goodreads.com/book/show/49699400-dewdrop?from_choice=true,best-picture-books-2020
https://www.goodreads.com/book/show/48932414-we-will-rock-our-classmates?from_choice=true,best-picture-books-2020
https://www.goodreads.com/book/show/51457317-wild-symphony?from_choice=true,best-picture-books-2020
